"","Df","Sum.Sq","Mean.Sq","F.value","Pr..F.","Df.1","Sum.Sq.1","Mean.Sq.1","F.value.1","Pr..F..1"
"Line       ",19,189.412202380952,9.96906328320802,12.0500633419794,4.84938338187558e-10,19,6.44760220125786,0.33934748427673,22.6311463094237,3.88272378343275e-13
"Rep        ",1,9.38204225352116,9.38204225352116,11.3405041396905,0.00189643710942304,1,0.114724264705883,0.114724264705883,7.65098237086865,0.00947636629448684
"Date       ",1,4.07296162545484,4.07296162545484,4.9231752454468,0.0332774553550689,1,0.0908563804554084,0.0908563804554084,6.05922876845094,0.0195993888264345
"Residuals  ",34,28.1283294543574,0.8273038074811,NA,NA,31,0.464836021505377,0.0149947103711412,NA,NA
